Workbook
Name 客戶: [2]客戶編輯!$B$6:$AA$2243

Sheet 信封袋列印
D4: 客戶 (寄出信封)袋列印 | L4: 廠商 (寄出信封)袋列印
B5: 中華全佑有限公司 中華全威有限公司 全威企業社 苗栗縣竹南鎮中美里10鄰保安林52之15號 (037-463991) | I5: 中華全佑有限公司 中華全威有限公司 全威企業社 苗栗縣竹南鎮中美里10鄰保安林52之15號 (037-463991)
B6: 收件人 : | C6: =[1]客戶貨款總表!AT3 | D6: =[1]客戶貨款總表!AU3 | E6: =[1]客戶貨款總表!AV3 | I6: 收件人 : | J6: =[1]廠商貨款總表!AK9 | K6: =IF(J6="","",VLOOKUP(J6,[1]廠商編輯!$B$5:$S$3000,13,0)) | L6: =IF(J6="","",VLOOKUP(J6,[1]廠商編輯!$B$5:$S$3000,14,0)) | M6: 0
C7: =[1]客戶貨款總表!AT4 | D7: =[1]客戶貨款總表!AU4 | E7: =[1]客戶貨款總表!AV4 | M7: 0
C8: =[1]客戶貨款總表!AT5 | D8: =[1]客戶貨款總表!AU5 | E8: =[1]客戶貨款總表!AV5 | L8: =IF(J6="","",VLOOKUP(J6,[1]廠商編輯!$B$5:$S$3000,4,0)) | M8: 會計部 收
C9: =[1]客戶貨款總表!AT6 | D9: =[1]客戶貨款總表!AU6 | E9: =[1]客戶貨款總表!AV6 | G9: =[1]客戶貨款總表!AX6 | H9: =[1]客戶貨款總表!AY6 | M9: 0 | O9: =[1]客戶貨款總表!BF6
B10: 中華全佑有限公司 中華全威有限公司 全威企業社 苗栗縣竹南鎮中美里10鄰保安林52之15號 (037-463991) | G10: =[1]客戶貨款總表!AX7 | H10: =[1]客戶貨款總表!AY7 | M10: 0 | O10: =[1]客戶貨款總表!BF7
B11: 收件人 : | C11: =[1]客戶貨款總表!AX3 | D11: =[1]客戶貨款總表!AY3 | E11: =[1]客戶貨款總表!AZ3 | J11: =[1]廠商貨款總表!AK10 | K11: =IF(J11="","",VLOOKUP(J11,[1]廠商編輯!$B$5:$S$3000,13,0)) | L11: =IF(J11="","",VLOOKUP(J11,[1]廠商編輯!$B$5:$S$3000,14,0)) | M11: 0
C12: =[1]客戶貨款總表!AX4 | D12: =[1]客戶貨款總表!AU9 | E12: =[1]客戶貨款總表!AZ4 | M12: 0
C13: =[1]客戶貨款總表!AX5 | D13: =[1]客戶貨款總表!AY5 | E13: =[1]客戶貨款總表!AZ5 | L13: =IF(J11="","",VLOOKUP(J11,[1]廠商編輯!$B$5:$S$3000,4,0)) | M13: 會計部 收
C14: =[1]客戶貨款總表!AT11 | D14: =[1]客戶貨款總表!AU11 | E14: =[1]客戶貨款總表!AV11 | G14: =[1]客戶貨款總表!AX11 | H14: =[1]客戶貨款總表!AY11 | M14: 0 | O14: =[1]客戶貨款總表!BF11
A15: 中華全佑有限公司 中華全威有限公司 全威企業社 苗栗縣竹南鎮中美里10鄰保安林52之15號 (037-463991) | G15: =[1]客戶貨款總表!AX12 | H15: =[1]客戶貨款總表!AY12 | M15: 0 | O15: =[1]客戶貨款總表!BF12
B16: 收件人 : | C16: =[1]客戶貨款總表!AT8 | D16: =[1]客戶貨款總表!AU8 | E16: =[1]客戶貨款總表!AV8 | J16: =[1]廠商貨款總表!AK11 | K16: =IF(J16="","",VLOOKUP(J16,[1]廠商編輯!$B$5:$S$3000,13,0)) | L16: =IF(J16="","",VLOOKUP(J16,[1]廠商編輯!$B$5:$S$3000,14,0)) | M16: 0
C17: =[1]客戶貨款總表!AT9 | D17: =[1]客戶貨款總表!AU9 | E17: =[1]客戶貨款總表!AV9 | M17: 0
C18: =[1]客戶貨款總表!AT10 | D18: =[1]客戶貨款總表!AU10 | E18: =[1]客戶貨款總表!AV10 | L18: =IF(J16="","",VLOOKUP(J16,[1]廠商編輯!$B$5:$S$3000,4,0)) | M18: 會計部 收
B20: 中華全佑有限公司 中華全威有限公司 全威企業社 苗栗縣竹南鎮中美里10鄰保安林52之15號 (037-463991)
B21: 收件人 : | C21: =[1]客戶貨款總表!AX8 | D21: =[1]客戶貨款總表!AY8 | E21: =[1]客戶貨款總表!AZ8 | J21: =[1]廠商貨款總表!AK12 | K21: =IF(J21="","",VLOOKUP(J21,[1]廠商編輯!$B$5:$S$3000,13,0)) | L21: =IF(J21="","",VLOOKUP(J21,[1]廠商編輯!$B$5:$S$3000,14,0)) | M21: 0
C22: =[1]客戶貨款總表!AX9 | D22: =[1]客戶貨款總表!AY9 | E22: =[1]客戶貨款總表!AZ9 | M22: 0
C23: =[1]客戶貨款總表!AX10 | D23: =[1]客戶貨款總表!AY10 | E23: =[1]客戶貨款總表!AZ10 | L23: =IF(J21="","",VLOOKUP(J21,[1]廠商編輯!$B$5:$S$3000,4,0)) | M23: 會計部 收
B25: 中華全佑有限公司 中華全威有限公司 全威企業社 苗栗縣竹南鎮中美里10鄰保安林52之15號 (037-463991)
B26: 收件人 : | C26: =[1]客戶貨款總表!AT13 | D26: =[1]客戶貨款總表!AU13 | E26: =[1]客戶貨款總表!AV13 | M26: 0
C27: =[1]客戶貨款總表!AT14 | D27: =[1]客戶貨款總表!AU14 | E27: =[1]客戶貨款總表!AV14 | J27: =[1]廠商貨款總表!AK13 | K27: =IF(J27="","",VLOOKUP(J27,[1]廠商編輯!$B$5:$S$3000,13,0)) | L27: =IF(J27="","",VLOOKUP(J27,[1]廠商編輯!$B$5:$S$3000,14,0)) | M27: 0
C28: =[1]客戶貨款總表!AT15 | D28: =[1]客戶貨款總表!AU15 | E28: =[1]客戶貨款總表!AV15 | G28: =[1]客戶貨款總表!AX16 | H28: =[1]客戶貨款總表!AY16 | M28: 會計部 收 | O28: =[1]客戶貨款總表!BF16
C29: =[1]客戶貨款總表!AT17 | D29: =[1]客戶貨款總表!AU17 | E29: =[1]客戶貨款總表!AV17 | G29: =[1]客戶貨款總表!AX17 | H29: =[1]客戶貨款總表!AY17 | L29: =IF(J27="","",VLOOKUP(J27,[1]廠商編輯!$B$5:$S$3000,4,0)) | M29: 0 | O29: =[1]客戶貨款總表!BF17
B30: 中華全佑有限公司 中華全威有限公司 全威企業社 苗栗縣竹南鎮中美里10鄰保安林52之15號 (037-463991)
B31: 收件人 : | C31: =[1]客戶貨款總表!AX13 | D31: =[1]客戶貨款總表!AY13 | E31: =[1]客戶貨款總表!AZ13 | J31: =[1]廠商貨款總表!AK14 | K31: =IF(J31="","",VLOOKUP(J31,[1]廠商編輯!$B$5:$S$3000,13,0)) | L31: =IF(J31="","",VLOOKUP(J31,[1]廠商編輯!$B$5:$S$3000,14,0)) | M31: 0
C32: =[1]客戶貨款總表!AX14 | D32: =[1]客戶貨款總表!AY14 | E32: =[1]客戶貨款總表!AZ14 | M32: 0
C33: =[1]客戶貨款總表!AX15 | D33: =[1]客戶貨款總表!AY15 | E33: =[1]客戶貨款總表!AZ15 | L33: =IF(J31="","",VLOOKUP(J31,[1]廠商編輯!$B$5:$S$3000,4,0)) | M33: 會計部 收
B35: 中華全佑有限公司 中華全威有限公司 全威企業社 苗栗縣竹南鎮中美里10鄰保安林52之15號 (037-463991)
B36: 收件人 : | C36: =[1]客戶貨款總表!AT18 | D36: =[1]客戶貨款總表!AU18 | E36: =[1]客戶貨款總表!AV18 | J36: =[1]廠商貨款總表!AK15 | K36: =IF(J36="","",VLOOKUP(J36,[1]廠商編輯!$B$5:$S$3000,13,0)) | L36: =IF(J36="","",VLOOKUP(J36,[1]廠商編輯!$B$5:$S$3000,14,0)) | M36: 0
C37: =[1]客戶貨款總表!AT19 | D37: =[1]客戶貨款總表!AU19 | E37: =[1]客戶貨款總表!AV19 | M37: 0
C38: =[1]客戶貨款總表!AT20 | D38: =[1]客戶貨款總表!AU20 | E38: =[1]客戶貨款總表!AV20 | L38: =IF(J36="","",VLOOKUP(J36,[1]廠商編輯!$B$5:$S$3000,4,0)) | M38: 會計部 收
B40: 中華全佑有限公司 中華全威有限公司 全威企業社 苗栗縣竹南鎮中美里10鄰保安林52之15號 (037-463991)
B41: 收件人 : | C41: =[1]客戶貨款總表!AX18 | D41: =[1]客戶貨款總表!AY18 | E41: =[1]客戶貨款總表!AZ18 | J41: =[1]廠商貨款總表!AK16 | K41: =IF(J41="","",VLOOKUP(J41,[1]廠商編輯!$B$5:$S$3000,13,0)) | L41: =IF(J41="","",VLOOKUP(J41,[1]廠商編輯!$B$5:$S$3000,14,0)) | M41: 0
C42: =[1]客戶貨款總表!AX19 | D42: =[1]客戶貨款總表!AY19 | E42: =[1]客戶貨款總表!AZ19 | M42: 0
C43: =[1]客戶貨款總表!AX20 | D43: =[1]客戶貨款總表!AY20 | E43: =[1]客戶貨款總表!AZ20 | L43: =IF(J41="","",VLOOKUP(J41,[1]廠商編輯!$B$5:$S$3000,4,0)) | M43: 會計部 收
B45: 中華全佑有限公司 中華全威有限公司 全威企業社 苗栗縣竹南鎮中美里10鄰保安林52之15號 (037-463991)
B46: 收件人 : | C46: =[1]客戶貨款總表!AT23 | D46: =[1]客戶貨款總表!AU23 | E46: =[1]客戶貨款總表!AV23 | J46: =[1]廠商貨款總表!AK17 | K46: =IF(J46="","",VLOOKUP(J46,[1]廠商編輯!$B$5:$S$3000,13,0)) | L46: =IF(J46="","",VLOOKUP(J46,[1]廠商編輯!$B$5:$S$3000,14,0)) | M46: 0
C47: =[1]客戶貨款總表!AT24 | D47: =[1]客戶貨款總表!AU24 | E47: =[1]客戶貨款總表!AV24 | M47: 0
C48: =[1]客戶貨款總表!AT25 | D48: =[1]客戶貨款總表!AU25 | E48: =[1]客戶貨款總表!AV25 | L48: =IF(J46="","",VLOOKUP(J46,[1]廠商編輯!$B$5:$S$3000,4,0)) | M48: 會計部 收
B50: 中華全佑有限公司 中華全威有限公司 全威企業社 苗栗縣竹南鎮中美里10鄰保安林52之15號 (037-463991)
B51: 收件人 : | C51: =[1]客戶貨款總表!AX23 | D51: =[1]客戶貨款總表!AY23 | E51: =[1]客戶貨款總表!AZ23 | J51: =[1]廠商貨款總表!AK18 | K51: =IF(J51="","",VLOOKUP(J51,[1]廠商編輯!$B$5:$S$3000,13,0)) | L51: =IF(J51="","",VLOOKUP(J51,[1]廠商編輯!$B$5:$S$3000,14,0)) | M51: 0
C52: =[1]客戶貨款總表!AX24 | D52: =[1]客戶貨款總表!AY24 | E52: =[1]客戶貨款總表!AZ24 | M52: 0
C53: =[1]客戶貨款總表!AX25 | D53: =[1]客戶貨款總表!AY25 | E53: =[1]客戶貨款總表!AZ25 | L53: =IF(J51="","",VLOOKUP(J51,[1]廠商編輯!$B$5:$S$3000,4,0)) | M53: 會計部 收
C54: =[1]客戶貨款總表!AT21 | D54: =[1]客戶貨款總表!AU21 | E54: =[1]客戶貨款總表!AV21 | G54: =[1]客戶貨款總表!AX21 | H54: =[1]客戶貨款總表!AY21 | M54: 0 | O54: =[1]客戶貨款總表!BF21
B55: 中華全佑有限公司 中華全威有限公司 全威企業社 苗栗縣竹南鎮中美里10鄰保安林52之15號 (037-463991) | G55: =[1]客戶貨款總表!AX22 | H55: =[1]客戶貨款總表!AY22 | M55: 0 | O55: =[1]客戶貨款總表!BF22
B56: 收件人 : | C56: =[1]客戶貨款總表!AT28 | D56: =[1]客戶貨款總表!AU28 | E56: =[1]客戶貨款總表!AV28 | J56: =[1]廠商貨款總表!AK19 | K56: =IF(J56="","",VLOOKUP(J56,[1]廠商編輯!$B$5:$S$3000,13,0)) | L56: =IF(J56="","",VLOOKUP(J56,[1]廠商編輯!$B$5:$S$3000,14,0)) | M56: 0
C57: =[1]客戶貨款總表!AT29 | D57: =[1]客戶貨款總表!AU29 | E57: =[1]客戶貨款總表!AV29 | M57: 0
C58: =[1]客戶貨款總表!AT30 | D58: =[1]客戶貨款總表!AU30 | E58: =[1]客戶貨款總表!AV30 | L58: =IF(J56="","",VLOOKUP(J56,[1]廠商編輯!$B$5:$S$3000,4,0)) | M58: 會計部 收
C59: =[1]客戶貨款總表!AT26 | D59: =[1]客戶貨款總表!AU26 | E59: =[1]客戶貨款總表!AV26 | G59: =[1]客戶貨款總表!AX26 | H59: =[1]客戶貨款總表!AY26 | M59: 0 | O59: =[1]客戶貨款總表!BF26
B60: 中華全佑有限公司 中華全威有限公司 全威企業社 苗栗縣竹南鎮中美里10鄰保安林52之15號 (037-463991) | G60: =[1]客戶貨款總表!AX27 | H60: =[1]客戶貨款總表!AY27 | M60: 0 | O60: =[1]客戶貨款總表!BF27
B61: 收件人 : | C61: =[1]客戶貨款總表!AX28 | D61: =[1]客戶貨款總表!AY28 | E61: =[1]客戶貨款總表!AZ28 | J61: =[1]廠商貨款總表!AK20 | K61: =IF(J61="","",VLOOKUP(J61,[1]廠商編輯!$B$5:$S$3000,13,0)) | L61: =IF(J61="","",VLOOKUP(J61,[1]廠商編輯!$B$5:$S$3000,14,0)) | M61: 0
C62: =[1]客戶貨款總表!AX29 | D62: =[1]客戶貨款總表!AY29 | E62: =[1]客戶貨款總表!AZ29 | M62: 0
C63: =[1]客戶貨款總表!AX30 | D63: =[1]客戶貨款總表!AY30 | E63: =[1]客戶貨款總表!AZ30 | L63: =IF(J61="","",VLOOKUP(J61,[1]廠商編輯!$B$5:$S$3000,4,0)) | M63: 會計部 收
C64: =[1]客戶貨款總表!AT31 | D64: =[1]客戶貨款總表!AU31 | E64: =[1]客戶貨款總表!AV31 | G64: =[1]客戶貨款總表!AX31 | H64: =[1]客戶貨款總表!AY31 | M64: 0 | O64: =[1]客戶貨款總表!BF31
B65: 中華全佑有限公司 中華全威有限公司 全威企業社 苗栗縣竹南鎮中美里10鄰保安林52之15號 (037-463991) | G65: =[1]客戶貨款總表!AX32 | H65: =[1]客戶貨款總表!AY32 | M65: 0 | O65: =[1]客戶貨款總表!BF32
B66: 收件人 : | C66: =[1]客戶貨款總表!AT33 | D66: =[1]客戶貨款總表!AU33 | E66: =[1]客戶貨款總表!AV33 | J66: =[1]廠商貨款總表!AK21 | K66: =IF(J66="","",VLOOKUP(J66,[1]廠商編輯!$B$5:$S$3000,13,0)) | L66: =IF(J66="","",VLOOKUP(J66,[1]廠商編輯!$B$5:$S$3000,14,0)) | M66: 0
C67: =[1]客戶貨款總表!AT34 | D67: =[1]客戶貨款總表!AU34 | E67: =[1]客戶貨款總表!AV34 | M67: 0
C68: =[1]客戶貨款總表!AT35 | D68: =[1]客戶貨款總表!AU35 | E68: =[1]客戶貨款總表!AV35 | L68: =IF(J66="","",VLOOKUP(J66,[1]廠商編輯!$B$5:$S$3000,4,0)) | M68: 會計部 收
B70: 中華全佑有限公司 中華全威有限公司 全威企業社 苗栗縣竹南鎮中美里10鄰保安林52之15號 (037-463991)
B71: 收件人 : | C71: =[1]客戶貨款總表!AX33 | D71: =[1]客戶貨款總表!AY33 | E71: =[1]客戶貨款總表!AZ33 | J71: =[1]廠商貨款總表!AK22 | K71: =IF(J71="","",VLOOKUP(J71,[1]廠商編輯!$B$5:$S$3000,13,0)) | L71: =IF(J71="","",VLOOKUP(J71,[1]廠商編輯!$B$5:$S$3000,14,0)) | M71: 0
C72: =[1]客戶貨款總表!AX34 | D72: =[1]客戶貨款總表!AY34 | E72: =[1]客戶貨款總表!AZ34 | M72: 0
C73: =[1]客戶貨款總表!AX35 | D73: =[1]客戶貨款總表!AY35 | E73: =[1]客戶貨款總表!AZ35 | L73: =IF(J71="","",VLOOKUP(J71,[1]廠商編輯!$B$5:$S$3000,4,0)) | M73: 會計部 收
B75: 中華全佑有限公司 中華全威有限公司 全威企業社 苗栗縣竹南鎮中美里10鄰保安林52之15號 (037-463991)
B76: 收件人 : | C76: =[1]客戶貨款總表!AT38 | D76: =[1]客戶貨款總表!AU38 | E76: =[1]客戶貨款總表!AV38 | J76: =[1]廠商貨款總表!AK23 | K76: =IF(J76="","",VLOOKUP(J76,[1]廠商編輯!$B$5:$S$3000,13,0)) | L76: =IF(J76="","",VLOOKUP(J76,[1]廠商編輯!$B$5:$S$3000,14,0)) | M76: 0
C77: =[1]客戶貨款總表!AT39 | D77: =[1]客戶貨款總表!AU39 | E77: =[1]客戶貨款總表!AV39 | M77: 0
C78: =[1]客戶貨款總表!AT40 | D78: =[1]客戶貨款總表!AU40 | E78: =[1]客戶貨款總表!AV40 | L78: =IF(J76="","",VLOOKUP(J76,[1]廠商編輯!$B$5:$S$3000,4,0)) | M78: 會計部 收
C79: =[1]客戶貨款總表!AT41 | D79: =[1]客戶貨款總表!AU41 | E79: =[1]客戶貨款總表!AV41 | G79: =[1]客戶貨款總表!AX41 | H79: =[1]客戶貨款總表!AY41 | M79: 0 | O79: =[1]客戶貨款總表!BF41
B80: 中華全佑有限公司 中華全威有限公司 全威企業社 苗栗縣竹南鎮中美里10鄰保安林52之15號 (037-463991) | G80: =[1]客戶貨款總表!AX42 | H80: =[1]客戶貨款總表!AY42 | M80: 0 | O80: =[1]客戶貨款總表!BF42
B81: 收件人 : | C81: =[1]客戶貨款總表!AX38 | D81: =[1]客戶貨款總表!AY38 | E81: =[1]客戶貨款總表!AZ38 | J81: =[1]廠商貨款總表!AK24 | K81: =IF(J81="","",VLOOKUP(J81,[1]廠商編輯!$B$5:$S$3000,13,0)) | L81: =IF(J81="","",VLOOKUP(J81,[1]廠商編輯!$B$5:$S$3000,14,0)) | M81: 0
C82: =[1]客戶貨款總表!AX39 | D82: =[1]客戶貨款總表!AY39 | E82: =[1]客戶貨款總表!AZ39 | M82: 0
C83: =[1]客戶貨款總表!AX40 | D83: =[1]客戶貨款總表!AY40 | E83: =[1]客戶貨款總表!AZ40 | L83: =IF(J81="","",VLOOKUP(J81,[1]廠商編輯!$B$5:$S$3000,4,0)) | M83: 會計部 收
B85: 中華全佑有限公司 中華全威有限公司 全威企業社 苗栗縣竹南鎮中美里10鄰保安林52之15號 (037-463991)
B86: 收件人 : | C86: =[1]客戶貨款總表!AT43 | D86: =[1]客戶貨款總表!AU43 | E86: =[1]客戶貨款總表!AV43 | J86: =[1]廠商貨款總表!AK25 | K86: =IF(J86="","",VLOOKUP(J86,[1]廠商編輯!$B$5:$S$3000,13,0)) | L86: =IF(J86="","",VLOOKUP(J86,[1]廠商編輯!$B$5:$S$3000,14,0)) | M86: 0
C87: =[1]客戶貨款總表!AT44 | D87: =[1]客戶貨款總表!AU44 | E87: =[1]客戶貨款總表!AV44 | M87: 0
C88: =[1]客戶貨款總表!AT45 | D88: =[1]客戶貨款總表!AU45 | E88: =[1]客戶貨款總表!AV45 | L88: =IF(J86="","",VLOOKUP(J86,[1]廠商編輯!$B$5:$S$3000,4,0)) | M88: 會計部 收
B90: 中華全佑有限公司 中華全威有限公司 全威企業社 苗栗縣竹南鎮中美里10鄰保安林52之15號 (037-463991)
B91: 收件人 : | C91: =[1]客戶貨款總表!AX43 | D91: =[1]客戶貨款總表!AY43 | E91: =[1]客戶貨款總表!AZ43 | J91: =[1]廠商貨款總表!AK26 | K91: =IF(J91="","",VLOOKUP(J91,[1]廠商編輯!$B$5:$S$3000,13,0)) | L91: =IF(J91="","",VLOOKUP(J91,[1]廠商編輯!$B$5:$S$3000,14,0)) | M91: 0
C92: =[1]客戶貨款總表!AX44 | D92: =[1]客戶貨款總表!AY44 | E92: =[1]客戶貨款總表!AZ44 | M92: 0
C93: =[1]客戶貨款總表!AX45 | D93: =[1]客戶貨款總表!AY45 | E93: =[1]客戶貨款總表!AZ45 | L93: =IF(J91="","",VLOOKUP(J91,[1]廠商編輯!$B$5:$S$3000,4,0)) | M93: 會計部 收
B95: 中華全佑有限公司 中華全威有限公司 全威企業社 苗栗縣竹南鎮中美里10鄰保安林52之15號 (037-463991)
B96: 收件人 : | C96: =[1]客戶貨款總表!AT48 | D96: =[1]客戶貨款總表!AU48 | E96: =[1]客戶貨款總表!AV48 | J96: =[1]廠商貨款總表!AK27 | K96: =IF(J96="","",VLOOKUP(J96,[1]廠商編輯!$B$5:$S$3000,13,0)) | L96: =IF(J96="","",VLOOKUP(J96,[1]廠商編輯!$B$5:$S$3000,14,0)) | M96: 0
C97: =[1]客戶貨款總表!AT49 | D97: =[1]客戶貨款總表!AU49 | E97: =[1]客戶貨款總表!AV49 | M97: 0
C98: =[1]客戶貨款總表!AT50 | D98: =[1]客戶貨款總表!AU50 | E98: =[1]客戶貨款總表!AV50 | L98: =IF(J96="","",VLOOKUP(J96,[1]廠商編輯!$B$5:$S$3000,4,0)) | M98: 會計部 收
B100: 中華全佑有限公司 中華全威有限公司 全威企業社 苗栗縣竹南鎮中美里10鄰保安林52之15號 (037-463991)
B101: 收件人 : | C101: =[1]客戶貨款總表!AX48 | D101: =[1]客戶貨款總表!AY48 | E101: =[1]客戶貨款總表!AZ48 | J101: =[1]廠商貨款總表!AK28 | K101: =IF(J101="","",VLOOKUP(J101,[1]廠商編輯!$B$5:$S$3000,13,0)) | L101: =IF(J101="","",VLOOKUP(J101,[1]廠商編輯!$B$5:$S$3000,14,0)) | M101: 0
C102: =[1]客戶貨款總表!AX49 | D102: =[1]客戶貨款總表!AY49 | E102: =[1]客戶貨款總表!AZ49 | M102: 0
C103: =[1]客戶貨款總表!AX50 | D103: =[1]客戶貨款總表!AY50 | E103: =[1]客戶貨款總表!AZ50 | L103: =IF(J101="","",VLOOKUP(J101,[1]廠商編輯!$B$5:$S$3000,4,0)) | M103: 會計部 收
B105: 中華全佑有限公司 中華全威有限公司 全威企業社 苗栗縣竹南鎮中美里10鄰保安林52之15號 (037-463991)
B106: 收件人 : | C106: =[1]客戶貨款總表!AT53 | D106: =[1]客戶貨款總表!AU53 | E106: =[1]客戶貨款總表!AV53 | J106: =[1]廠商貨款總表!AK29 | K106: =IF(J106="","",VLOOKUP(J106,[1]廠商編輯!$B$5:$S$3000,13,0)) | L106: =IF(J106="","",VLOOKUP(J106,[1]廠商編輯!$B$5:$S$3000,14,0)) | M106: 0
C107: =[1]客戶貨款總表!AT54 | D107: =[1]客戶貨款總表!AU54 | E107: =[1]客戶貨款總表!AV54 | M107: 0
C108: =[1]客戶貨款總表!AT55 | D108: =[1]客戶貨款總表!AU55 | E108: =[1]客戶貨款總表!AV55 | L108: =IF(J106="","",VLOOKUP(J106,[1]廠商編輯!$B$5:$S$3000,4,0)) | M108: 會計部 收
B110: 中華全佑有限公司 中華全威有限公司 全威企業社 苗栗縣竹南鎮中美里10鄰保安林52之15號 (037-463991)
B111: 收件人 : | C111: =[1]客戶貨款總表!AX53 | D111: =[1]客戶貨款總表!AY53 | E111: =[1]客戶貨款總表!AZ53 | J111: =[1]廠商貨款總表!AK30 | K111: =IF(J111="","",VLOOKUP(J111,[1]廠商編輯!$B$5:$S$3000,13,0)) | L111: =IF(J111="","",VLOOKUP(J111,[1]廠商編輯!$B$5:$S$3000,14,0)) | M111: 0
C112: =[1]客戶貨款總表!AX54 | D112: =[1]客戶貨款總表!AY54 | E112: =[1]客戶貨款總表!AZ54 | M112: 0
C113: =[1]客戶貨款總表!AX55 | D113: =[1]客戶貨款總表!AY55 | E113: =[1]客戶貨款總表!AZ55 | L113: =IF(J111="","",VLOOKUP(J111,[1]廠商編輯!$B$5:$S$3000,4,0)) | M113: 會計部 收
B115: 中華全佑有限公司 中華全威有限公司 全威企業社 苗栗縣竹南鎮中美里10鄰保安林52之15號 (037-463991)
B116: 收件人 : | C116: =[1]客戶貨款總表!AT58 | D116: =[1]客戶貨款總表!AU58 | E116: =[1]客戶貨款總表!AV58 | J116: =[1]廠商貨款總表!AK31 | K116: =IF(J116="","",VLOOKUP(J116,[1]廠商編輯!$B$5:$S$3000,13,0)) | L116: =IF(J116="","",VLOOKUP(J116,[1]廠商編輯!$B$5:$S$3000,14,0)) | M116: 0
C117: =[1]客戶貨款總表!AT59 | D117: =[1]客戶貨款總表!AU59 | E117: =[1]客戶貨款總表!AV59 | M117: 0
C118: =[1]客戶貨款總表!AT60 | D118: =[1]客戶貨款總表!AU60 | E118: =[1]客戶貨款總表!AV60 | L118: =IF(J116="","",VLOOKUP(J116,[1]廠商編輯!$B$5:$S$3000,4,0)) | M118: 會計部 收
...
