Workbook
Name 工作項目: 出貨單!$BX$6:$BY$250
Name 車號編輯: [1]客戶編輯!$AK$6:$AM$2243
Name 車頭: 出貨單!$BB$7:$BB$18
Name 板架: 出貨單!$BB$22:$BB$36
Name 客戶: [1]客戶編輯!$B$5:$AA$2243
Name 產品編輯: [1]產品編輯!$K$8:$KX$359
Name 產品編輯花紋: [1]產品編輯!$H$212:$FD$1101
Name 測試價: 出貨單!$AI$501
Name 進貨明細表: [1]進貨明細表!$AD$6:$AG$10000
Name 廠商: 出貨單!$CI$5:$CJ$1500
Name 廠商1: 出貨單!$CI$5:$CJ$1500
Name 廠商編輯: [1]廠商編輯!$B$6:$R$1499
Name 轎車: 出貨單!$BB$40:$BB$47

Sheet 出貨單˙收據
S1: 大車定位快速出貨檔
B2: 出貨單.合約書.收據 | K2: 中華全佑有限公司.中華全威有限公司.全威企業社.電話:037-463990 | P2: 出貨單.合約書.收據 | Y2: 中華全佑有限公司.中華全威有限公司.全威企業社.電話:037-463990
B4: 客戶名稱: | D4: =IF(C9="","",VLOOKUP(C9,出貨單!$E$5:$BV$20000,56,0)) | F4: 車頭公里數 : | G4: =IF(C9="","",VLOOKUP(C9,出貨單!$E$5:$BV$20000,8,0)) | I4: 出貨日期: | J4: =NOW() | P4: 客戶名稱: | R4: =IF(Q9="","",VLOOKUP(Q9,出貨單!$E$5:$BV$20000,56,0)) | T4: 車頭公里數 : | U4: =IF(Q9="","",VLOOKUP(Q9,出貨單!$E$5:$BV$20000,8,0)) | W4: 出貨日期: | X4: =NOW()
B5: 車牌號碼 : | D5: =IF(C9="","",VLOOKUP(C9,出貨單!$E$5:$BV$20000,2,0)) | F5: 工作人員: | G5: =IF(C9="","",VLOOKUP(C9,出貨單!$E$5:$BV$29813,46,0)) | I5: 車頭位置: | J5: =IF(C9="","",VLOOKUP(C9,出貨單!$E$5:$BV$20000,40,0)) | P5: 車牌號碼 : | R5: =IF(Q9="","",VLOOKUP(Q9,出貨單!$E$5:$BV$20000,2,0)) | T5: 工作人員: | U5: =IF(Q9="","",VLOOKUP(Q9,出貨單!$E$5:$BV$29813,46,0)) | W5: 車頭位置: | X5: =IF(Q9="","",VLOOKUP(Q9,出貨單!$E$5:$BV$20000,40,0))
B6: 工作時間 : | D6: =IF(C9="","",VLOOKUP(C9,出貨單!$E$5:$BV$20000,9,0)) | F6: 工作地點: | G6: =IF(C9="","",VLOOKUP(C9,出貨單!$E$5:$BV$20000,29,0)) | I6: 板架位置: | J6: =IF(C9="","",VLOOKUP(C9,出貨單!$E$5:$BV$20000,42,0)) | P6: 工作時間 : | R6: =IF(Q9="","",VLOOKUP(Q9,出貨單!$E$5:$BV$20000,9,0)) | T6: 工作地點: | U6: =IF(Q9="","",VLOOKUP(Q9,出貨單!$E$5:$BV$20000,29,0)) | W6: 板架位置: | X6: =IF(Q9="","",VLOOKUP(Q9,出貨單!$E$5:$BV$20000,42,0))
B7: 客戶地址 : | D7: =IF(D4="","",VLOOKUP(D4,[1]客戶編輯!$F$6:$Z$20000,20,0)) | F7: 報價人員: | G7: =IF(C9="","",VLOOKUP(C9,出貨單!$E$5:$BV$20000,22,0)) | I7: 轎.貨車位置: | J7: =IF(C9="","",VLOOKUP(C9,出貨單!$E$5:$BV$20000,44,0)) | P7: 客戶地址 : | R7: =IF(R4="","",VLOOKUP(R4,[1]客戶編輯!$F$6:$Z$20000,20,0)) | T7: 業務人員: | W7: 轎.貨車位置: | X7: =IF(Q9="","",VLOOKUP(Q9,出貨單!$E$5:$BV$20000,44,0))
B8: 序 | C8: 出貨單號 | D8: 維修內容 | E8: 廠牌. 規格. 花紋 | G8: 裝上胎號 | H8: 拆下胎號 | I8: 數量 | J8: 單價 | K8: 小計 | P8: 序 | Q8: 出貨單號 | R8: 維修內容 | S8: 廠牌. 規格. 花紋 | U8: 裝上胎號 | V8: 拆下胎號 | W8: 數量 | X8: 單價 | Y8: 小計
A9: 1 | B9: 1 | C9: 1100402004*1 | D9: =IF(C9="","",VLOOKUP(C9,出貨單!$E$5:$BV$29813,12,0)) | E9: =IF(C9="","",VLOOKUP(C9,出貨單!$E$5:$BV$29813,15,0)) | H9: =IF(C9="","",VLOOKUP(C9,出貨單!$E$5:$BV$29813,48,0)) | I9: =IF(C9="","",VLOOKUP(C9,出貨單!$E$5:$BV$29813,23,0)) | J9: =IF(C9="","",IF(VLOOKUP(C9,出貨單!$E$5:$BV$29813,26,0)=0,"-",VLOOKUP(C9,出貨單!$E$5:$BV$29813,26,0))) | K9: =IF(C9="","",IF(VLOOKUP(C9,出貨單!$E$5:$BV$29813,27,0)=0,"-",VLOOKUP(C9,出貨單!$E$5:$BV$29813,27,0))) | O9: 1 | P9: 1 | Q9: 1090518001*2 | R9: =IF(Q9="","",VLOOKUP(Q9,出貨單!$E$5:$BV$29813,12,0)) | S9: □*定位一式 | W9: =IF(Q9="","",VLOOKUP(Q9,出貨單!$E$5:$BV$29813,23,0))
A10: 2 | B10: 2 | C10: 1100402004*2 | D10: =IF(C10="","",VLOOKUP(C10,出貨單!$E$5:$BV$29813,12,0)) | E10: =IF(C10="","",VLOOKUP(C10,出貨單!$E$5:$BV$29813,15,0)) | H10: =IF(C10="","",VLOOKUP(C10,出貨單!$E$5:$BV$29813,48,0)) | I10: =IF(C10="","",VLOOKUP(C10,出貨單!$E$5:$BV$29813,23,0)) | J10: =IF(C10="","",IF(VLOOKUP(C10,出貨單!$E$5:$BV$29813,26,0)=0,"-",VLOOKUP(C10,出貨單!$E$5:$BV$29813,26,0))) | K10: =IF(C10="","",IF(VLOOKUP(C10,出貨單!$E$5:$BV$29813,27,0)=0,"-",VLOOKUP(C10,出貨單!$E$5:$BV$29813,27,0))) | O10: 2 | P10: 2 | R10: =IF(Q10="","",VLOOKUP(Q10,出貨單!$E$5:$BV$29813,12,0)) | S10: □*前束調整 | W10: =IF(Q10="","",VLOOKUP(Q10,出貨單!$E$5:$BV$29813,23,0))
A11: 3 | B11: 3 | D11: =IF(C11="","",VLOOKUP(C11,出貨單!$E$5:$BV$29813,12,0)) | E11: =IF(C11="","",VLOOKUP(C11,出貨單!$E$5:$BV$29813,15,0)) | H11: =IF(C11="","",VLOOKUP(C11,出貨單!$E$5:$BV$29813,48,0)) | I11: =IF(C11="","",VLOOKUP(C11,出貨單!$E$5:$BV$29813,23,0)) | J11: =IF(C11="","",IF(VLOOKUP(C11,出貨單!$E$5:$BV$29813,26,0)=0,"-",VLOOKUP(C11,出貨單!$E$5:$BV$29813,26,0))) | K11: =IF(C11="","",IF(VLOOKUP(C11,出貨單!$E$5:$BV$29813,27,0)=0,"-",VLOOKUP(C11,出貨單!$E$5:$BV$29813,27,0))) | O11: 3 | P11: 3 | R11: =IF(Q11="","",VLOOKUP(Q11,出貨單!$E$5:$BV$29813,12,0)) | S11: □*方向盤調整 | W11: =IF(Q11="","",VLOOKUP(Q11,出貨單!$E$5:$BV$29813,23,0)) | X11: =IF(Q11="","",VLOOKUP(Q11,出貨單!$E$5:$BV$29813,26,0)) | Y11: =IF(Q11="","",VLOOKUP(Q11,出貨單!$E$5:$BV$29813,27,0))
A12: 4 | B12: 4 | D12: =IF(C12="","",VLOOKUP(C12,出貨單!$E$5:$BV$29813,12,0)) | E12: =IF(C12="","",VLOOKUP(C12,出貨單!$E$5:$BV$29813,15,0)) | H12: =IF(C12="","",VLOOKUP(C12,出貨單!$E$5:$BV$29813,48,0)) | I12: =IF(C12="","",VLOOKUP(C12,出貨單!$E$5:$BV$29813,23,0)) | J12: =IF(C12="","",IF(VLOOKUP(C12,出貨單!$E$5:$BV$29813,26,0)=0,"-",VLOOKUP(C12,出貨單!$E$5:$BV$29813,26,0))) | K12: =IF(C12="","",IF(VLOOKUP(C12,出貨單!$E$5:$BV$29813,27,0)=0,"-",VLOOKUP(C12,出貨單!$E$5:$BV$29813,27,0))) | O12: 4 | P12: 4 | R12: =IF(Q12="","",VLOOKUP(Q12,出貨單!$E$5:$BV$29813,12,0)) | S12: □*後傾角調整 | W12: =IF(Q12="","",VLOOKUP(Q12,出貨單!$E$5:$BV$29813,23,0)) | X12: =IF(Q12="","",VLOOKUP(Q12,出貨單!$E$5:$BV$29813,26,0)) | Y12: =IF(Q12="","",VLOOKUP(Q12,出貨單!$E$5:$BV$29813,27,0))
A13: 5 | B13: 5 | D13: =IF(C13="","",VLOOKUP(C13,出貨單!$E$5:$BV$29813,12,0)) | E13: =IF(C13="","",VLOOKUP(C13,出貨單!$E$5:$BV$29813,15,0)) | H13: =IF(C13="","",VLOOKUP(C13,出貨單!$E$5:$BV$29813,48,0)) | I13: =IF(C13="","",VLOOKUP(C13,出貨單!$E$5:$BV$29813,23,0)) | J13: =IF(C13="","",IF(VLOOKUP(C13,出貨單!$E$5:$BV$29813,26,0)=0,"-",VLOOKUP(C13,出貨單!$E$5:$BV$29813,26,0))) | K13: =IF(C13="","",IF(VLOOKUP(C13,出貨單!$E$5:$BV$29813,27,0)=0,"-",VLOOKUP(C13,出貨單!$E$5:$BV$29813,27,0))) | O13: 5 | P13: 5 | R13: =IF(Q13="","",VLOOKUP(Q13,出貨單!$E$5:$BV$29813,12,0)) | S13: □*後傾角墊片 | W13: =IF(Q13="","",VLOOKUP(Q13,出貨單!$E$5:$BV$29813,23,0)) | X13: =IF(Q13="","",VLOOKUP(Q13,出貨單!$E$5:$BV$29813,26,0)) | Y13: =IF(Q13="","",VLOOKUP(Q13,出貨單!$E$5:$BV$29813,27,0))
A14: 6 | B14: 6 | D14: =IF(C14="","",VLOOKUP(C14,出貨單!$E$5:$BV$29813,12,0)) | E14: =IF(C14="","",VLOOKUP(C14,出貨單!$E$5:$BV$29813,15,0)) | H14: =IF(C14="","",VLOOKUP(C14,出貨單!$E$5:$BV$29813,48,0)) | I14: =IF(C14="","",VLOOKUP(C14,出貨單!$E$5:$BV$29813,23,0)) | J14: =IF(C14="","",IF(VLOOKUP(C14,出貨單!$E$5:$BV$29813,26,0)=0,"-",VLOOKUP(C14,出貨單!$E$5:$BV$29813,26,0))) | K14: =IF(C14="","",IF(VLOOKUP(C14,出貨單!$E$5:$BV$29813,27,0)=0,"-",VLOOKUP(C14,出貨單!$E$5:$BV$29813,27,0))) | O14: 6 | P14: 6 | R14: =IF(Q14="","",VLOOKUP(Q14,出貨單!$E$5:$BV$29813,12,0)) | S14: □*工字樑校正 | W14: =IF(Q14="","",VLOOKUP(Q14,出貨單!$E$5:$BV$29813,23,0)) | X14: =IF(Q14="","",VLOOKUP(Q14,出貨單!$E$5:$BV$29813,26,0)) | Y14: =IF(Q14="","",VLOOKUP(Q14,出貨單!$E$5:$BV$29813,27,0))
A15: 7 | B15: 7 | D15: =IF(C15="","",VLOOKUP(C15,出貨單!$E$5:$BV$29813,12,0)) | E15: =IF(C15="","",VLOOKUP(C15,出貨單!$E$5:$BV$29813,15,0)) | H15: =IF(C15="","",VLOOKUP(C15,出貨單!$E$5:$BV$29813,48,0)) | I15: =IF(C15="","",VLOOKUP(C15,出貨單!$E$5:$BV$29813,23,0)) | J15: =IF(C15="","",IF(VLOOKUP(C15,出貨單!$E$5:$BV$29813,26,0)=0,"-",VLOOKUP(C15,出貨單!$E$5:$BV$29813,26,0))) | K15: =IF(C15="","",IF(VLOOKUP(C15,出貨單!$E$5:$BV$29813,27,0)=0,"-",VLOOKUP(C15,出貨單!$E$5:$BV$29813,27,0))) | O15: 7 | P15: 7 | R15: =IF(Q15="","",VLOOKUP(Q15,出貨單!$E$5:$BV$29813,12,0)) | S15: □*軸距調整 | W15: =IF(Q15="","",VLOOKUP(Q15,出貨單!$E$5:$BV$29813,23,0)) | X15: =IF(Q15="","",VLOOKUP(Q15,出貨單!$E$5:$BV$29813,26,0)) | Y15: =IF(Q15="","",VLOOKUP(Q15,出貨單!$E$5:$BV$29813,27,0))
A16: 8 | B16: 8 | D16: =IF(C16="","",VLOOKUP(C16,出貨單!$E$5:$BV$29813,12,0)) | E16: =IF(C16="","",VLOOKUP(C16,出貨單!$E$5:$BV$29813,15,0)) | H16: =IF(C16="","",VLOOKUP(C16,出貨單!$E$5:$BV$29813,48,0)) | I16: =IF(C16="","",VLOOKUP(C16,出貨單!$E$5:$BV$29813,23,0)) | J16: =IF(C16="","",IF(VLOOKUP(C16,出貨單!$E$5:$BV$29813,26,0)=0,"-",VLOOKUP(C16,出貨單!$E$5:$BV$29813,26,0))) | K16: =IF(C16="","",IF(VLOOKUP(C16,出貨單!$E$5:$BV$29813,27,0)=0,"-",VLOOKUP(C16,出貨單!$E$5:$BV$29813,27,0))) | O16: 8 | P16: 8 | Q16: 1090518001*1 | R16: =IF(Q16="","",VLOOKUP(Q16,出貨單!$E$5:$BV$29813,12,0)) | S16: =IF(Q16="","",VLOOKUP(Q16,出貨單!$E$5:$BV$29813,15,0)) | W16: =IF(Q16="","",VLOOKUP(Q16,出貨單!$E$5:$BV$29813,23,0)) | X16: =IF(Q16="","",VLOOKUP(Q16,出貨單!$E$5:$BV$29813,26,0)) | Y16: =IF(Q16="","",VLOOKUP(Q16,出貨單!$E$5:$BV$29813,27,0))
A17: 9 | B17: 9 | D17: =IF(C17="","",VLOOKUP(C17,出貨單!$E$5:$BV$29813,12,0)) | E17: =IF(C17="","",VLOOKUP(C17,出貨單!$E$5:$BV$29813,15,0)) | H17: =IF(C17="","",VLOOKUP(C17,出貨單!$E$5:$BV$29813,48,0)) | I17: =IF(C17="","",VLOOKUP(C17,出貨單!$E$5:$BV$29813,23,0)) | J17: =IF(C17="","",IF(VLOOKUP(C17,出貨單!$E$5:$BV$29813,26,0)=0,"-",VLOOKUP(C17,出貨單!$E$5:$BV$29813,26,0))) | K17: =IF(C17="","",IF(VLOOKUP(C17,出貨單!$E$5:$BV$29813,27,0)=0,"-",VLOOKUP(C17,出貨單!$E$5:$BV$29813,27,0))) | O17: 9 | P17: 9 | R17: =IF(Q17="","",VLOOKUP(Q17,出貨單!$E$5:$BV$29813,12,0)) | S17: =IF(Q17="","",VLOOKUP(Q17,出貨單!$E$5:$BV$29813,15,0)) | W17: =IF(Q17="","",VLOOKUP(Q17,出貨單!$E$5:$BV$29813,23,0)) | X17: =IF(Q17="","",VLOOKUP(Q17,出貨單!$E$5:$BV$29813,26,0)) | Y17: =IF(Q17="","",VLOOKUP(Q17,出貨單!$E$5:$BV$29813,27,0))
B18: 10 | D18: =IF(C18="","",VLOOKUP(C18,出貨單!$E$5:$BV$29813,12,0)) | E18: =IF(C18="","",VLOOKUP(C18,出貨單!$E$5:$BV$29813,15,0)) | H18: =IF(C18="","",VLOOKUP(C18,出貨單!$E$5:$BV$29813,48,0)) | I18: =IF(C18="","",VLOOKUP(C18,出貨單!$E$5:$BV$29813,23,0)) | J18: =IF(C18="","",IF(VLOOKUP(C18,出貨單!$E$5:$BV$29813,26,0)=0,"-",VLOOKUP(C18,出貨單!$E$5:$BV$29813,26,0))) | K18: =IF(C18="","",IF(VLOOKUP(C18,出貨單!$E$5:$BV$29813,27,0)=0,"-",VLOOKUP(C18,出貨單!$E$5:$BV$29813,27,0))) | P18: 10 | R18: =IF(Q18="","",VLOOKUP(Q18,出貨單!$E$5:$BV$29813,12,0)) | S18: =IF(Q18="","",VLOOKUP(Q18,出貨單!$E$5:$BV$29813,15,0)) | W18: =IF(Q18="","",VLOOKUP(Q18,出貨單!$E$5:$BV$29813,23,0)) | X18: =IF(Q18="","",VLOOKUP(Q18,出貨單!$E$5:$BV$29813,26,0)) | Y18: =IF(Q18="","",VLOOKUP(Q18,出貨單!$E$5:$BV$29813,27,0))
B19: 小計金額 | K19: =SUM(K9:K18) | P19: 小計金額 | Y19: =SUM(Y9:Y18)
B20: 客戶簽名： | E20: 老闆簽核： | G20: 稅額: | H20: =IF(OR(I20="含稅",I20="未稅"),0,IF(OR(I20="稅外"),K19*0.05,"")) | I20: =IF(C9="","",VLOOKUP(C9,出貨單!$E$5:$BV$29813,34,0)) | J20: 總計: | K20: =IF(OR(K19>0.1),K19+H20,IF(OR(K19=0),K19,"")) | P20: 客戶簽名： | S20: 老闆簽核： | U20: 稅額: | V20: =IF(OR(W20="含稅",W20="未稅"),0,IF(OR(W20="稅外"),Y19*0.05,"")) | W20: =IF(Q9="","",VLOOKUP(Q9,出貨單!$E$5:$BV$29813,34,0)) | X20: 總計: | Y20: =IF(OR(Y19>0.1),Y19+V20,IF(OR(Y19=0),Y19,""))
C22: 1.本公司無到府牽車來回或試車來回服務，由客戶自行送修來本廠區及自行取回車輛，客戶拜託本廠內工作人員去牽車來回 | Q22: 1.本公司無到府牽車來回或試車來回服務，由客戶自行送修來本廠區及自行取回車輛，客戶拜託本廠內工作人員去牽車來回
C23: 或試車來回時，發生意外全部損失費用由車主自行負責。車輛進本廠區維修時，車上之重要物品請客戶自行保管，有損毀遺 | Q23: 或試車來回時，發生意外全部損失費用由車主自行負責。車輛進本廠區維修時，車上之重要物品請客戶自行保管，有損毀遺
B24: 備 | C24: 失時車主自行負責。客戶交修車輛需自行保險，發生天災地變或其他不可抗力之災損本公司不負賠償責任。車主不得異議。 | P24: 備 | Q24: 失時車主自行負責。客戶交修車輛需自行保險，發生天災地變或其他不可抗力之災損本公司不負賠償責任。車主不得異議。
B25: 註 | C25: 2.以上貨品貨款尚未付清時，產品所有權仍為本公司所有本公司可無條件收回銷售產品，寄放新輪胎新鋼圈或中古輪胎中古 | P25: 註 | Q25: 2.以上貨品貨款尚未付清時，產品所有權仍為本公司所有本公司可無條件收回銷售產品，寄放新輪胎新鋼圈或中古輪胎中古
C26: 鋼圈，期限最長3個月超過期限，不領取以廢輪胎方式丟棄，車輛換下之廢輪胎若需保留者請自行當下載回，不載回者視同 | Q26: 鋼圈，期限最長3個月超過期限，不領取以廢輪胎方式丟棄，車輛換下之廢輪胎若需保留者請自行當下載回，不載回者視同
C27: 丟棄。領取新輪胎新鋼圈或中古輪胎中古鋼圈時必須以簽單為憑證，無簽單者視同丟棄不得異議。存根(白)請款(黃)客戶(藍) | Q27: 丟棄。領取新輪胎新鋼圈或中古輪胎中古鋼圈時必須以簽單為憑證，無簽單者視同丟棄不得異議。存根(白)請款(黃)客戶(藍)
M28: 批發出貨檔 | S28: 空白出貨檔
B29: 出貨單.合約書.收據 | K29: 中華全佑有限公司.中華全威有限公司.全威企業社.電話:037-463990 | P29: 出貨單.合約書.收據 | Y29: 中華全佑有限公司.中華全威有限公司.全威企業社.電話:037-463990
B31: 客戶名稱: | D31: =IF(C36="","",VLOOKUP(C36,出貨單!$E$5:$BV$20000,56,0)) | F31: 車頭公里數 : | G31: =IF(C36="","",VLOOKUP(C36,出貨單!$E$5:$BV$20000,8,0)) | I31: 出貨日期: | J31: =NOW() | L31: . | P31: 客戶名稱: | R31: 廠商20 大城 | T31: 車頭公里數 : | W31: 出貨日期: | X31: =NOW()
B32: 車牌號碼 : | D32: =IF(C36="","",VLOOKUP(C36,出貨單!$E$5:$BV$20000,2,0)) | F32: 工作人員: | G32: =IF(C36="","",VLOOKUP(C36,出貨單!$E$5:$BV$29813,46,0)) | I32: 車頭位置: | J32: =IF(C36="","",VLOOKUP(C36,出貨單!$E$5:$BV$20000,40,0)) | P32: 車牌號碼 : | T32: 工作人員: | W32: 車頭位置:
B33: 工作時間 : | D33: =IF(C36="","",VLOOKUP(C36,出貨單!$E$5:$BV$20000,9,0)) | F33: 工作地點: | G33: =IF(C36="","",VLOOKUP(C36,出貨單!$E$5:$BV$20000,29,0)) | I33: 板架位置: | J33: =IF(C36="","",VLOOKUP(C36,出貨單!$E$5:$BV$20000,42,0)) | P33: 工作時間 : | T33: 工作地點: | W33: 板架位置:
B34: 客戶地址 : | D34: =IF(D31="","",VLOOKUP(D31,[1]客戶編輯!$F$6:$Z$20000,20,0)) | F34: 報價人員: | G34: =IF(C36="","",VLOOKUP(C36,出貨單!$E$5:$BV$20000,22,0)) | I34: 轎.貨車位置: | J34: =IF(C36="","",VLOOKUP(C36,出貨單!$E$5:$BV$20000,44,0)) | P34: 客戶地址 : | R34: =IF(R31="","",VLOOKUP(R31,[1]客戶編輯!$F$6:$Z$20000,20,0)) | T34: 業務人員: | W34: 轎.貨車位置:
B35: 序 | C35: 出貨單號 | D35: 維修內容 | E35: 廠牌. 規格. 花紋 | G35: 胎號 | H35: 備註 | I35: 數量 | J35: 單價 | K35: 小計 | P35: 序 | Q35: 出貨單號 | R35: 維修內容 | S35: 廠牌. 規格. 花紋 | U35: 裝上胎號 | V35: 拆下胎號 | W35: 數量 | X35: 單價 | Y35: 小計
A36: 1 | B36: 1 | C36: 1100402006 | D36: =IF(C36="","",VLOOKUP(C36,出貨單!$E$5:$BV$29813,12,0)) | E36: =IF(C36="","",VLOOKUP(C36,出貨單!$E$5:$BV$29813,15,0)) | H36: =IF(C36="","",VLOOKUP(C36,出貨單!$E$5:$BV$29813,31,0)) | I36: =IF(C36="","",VLOOKUP(C36,出貨單!$E$5:$BV$29813,23,0)) | J36: =IF(C36="","",IF(VLOOKUP(C36,出貨單!$E$5:$BV$29813,26,0)=0,"-",VLOOKUP(C36,出貨單!$E$5:$BV$29813,26,0))) | K36: =IF(C36="","",IF(VLOOKUP(C36,出貨單!$E$5:$BV$29813,27,0)=0,"-",VLOOKUP(C36,出貨單!$E$5:$BV$29813,27,0))) | O36: 1 | P36: 1 | Q36: 1090407002 | S36: 鏡頭不能開機 | W36: 1 | X36: =IF(Q36="","",VLOOKUP(Q36,出貨單!$E$5:$BV$29813,26,0)) | Y36: =IF(Q36="","",VLOOKUP(Q36,出貨單!$E$5:$BV$29813,27,0))
A37: 2 | B37: 2 | D37: =IF(C37="","",VLOOKUP(C37,出貨單!$E$5:$BV$29813,12,0)) | E37: =IF(C37="","",VLOOKUP(C37,出貨單!$E$5:$BV$29813,15,0)) | H37: =IF(C37="","",VLOOKUP(C37,出貨單!$E$5:$BV$29813,31,0)) | I37: =IF(C37="","",VLOOKUP(C37,出貨單!$E$5:$BV$29813,23,0)) | J37: =IF(C37="","",IF(VLOOKUP(C37,出貨單!$E$5:$BV$29813,26,0)=0,"-",VLOOKUP(C37,出貨單!$E$5:$BV$29813,26,0))) | K37: =IF(C37="","",IF(VLOOKUP(C37,出貨單!$E$5:$BV$29813,27,0)=0,"-",VLOOKUP(C37,出貨單!$E$5:$BV$29813,27,0))) | O37: 2 | P37: 2 | R37: =IF(Q37="","",VLOOKUP(Q37,出貨單!$E$5:$BV$29813,12,0)) | S37: =IF(Q37="","",VLOOKUP(Q37,出貨單!$E$5:$BV$29813,15,0)) | W37: =IF(Q37="","",VLOOKUP(Q37,出貨單!$E$5:$BV$29813,23,0)) | X37: =IF(Q37="","",VLOOKUP(Q37,出貨單!$E$5:$BV$29813,26,0)) | Y37: =IF(Q37="","",VLOOKUP(Q37,出貨單!$E$5:$BV$29813,27,0))
A38: 3 | B38: 3 | D38: =IF(C38="","",VLOOKUP(C38,出貨單!$E$5:$BV$29813,12,0)) | E38: =IF(C38="","",VLOOKUP(C38,出貨單!$E$5:$BV$29813,15,0)) | H38: =IF(C38="","",VLOOKUP(C38,出貨單!$E$5:$BV$29813,31,0)) | I38: =IF(C38="","",VLOOKUP(C38,出貨單!$E$5:$BV$29813,23,0)) | J38: =IF(C38="","",IF(VLOOKUP(C38,出貨單!$E$5:$BV$29813,26,0)=0,"-",VLOOKUP(C38,出貨單!$E$5:$BV$29813,26,0))) | K38: =IF(C38="","",IF(VLOOKUP(C38,出貨單!$E$5:$BV$29813,27,0)=0,"-",VLOOKUP(C38,出貨單!$E$5:$BV$29813,27,0))) | O38: 3 | P38: 3 | R38: =IF(Q38="","",VLOOKUP(Q38,出貨單!$E$5:$BV$29813,12,0)) | S38: =IF(Q38="","",VLOOKUP(Q38,出貨單!$E$5:$BV$29813,15,0)) | W38: =IF(Q38="","",VLOOKUP(Q38,出貨單!$E$5:$BV$29813,23,0)) | X38: =IF(Q38="","",VLOOKUP(Q38,出貨單!$E$5:$BV$29813,26,0)) | Y38: =IF(Q38="","",VLOOKUP(Q38,出貨單!$E$5:$BV$29813,27,0))
A39: 4 | B39: 4 | D39: =IF(C39="","",VLOOKUP(C39,出貨單!$E$5:$BV$29813,12,0)) | E39: =IF(C39="","",VLOOKUP(C39,出貨單!$E$5:$BV$29813,15,0)) | H39: =IF(C39="","",VLOOKUP(C39,出貨單!$E$5:$BV$29813,31,0)) | I39: =IF(C39="","",VLOOKUP(C39,出貨單!$E$5:$BV$29813,23,0)) | J39: =IF(C39="","",IF(VLOOKUP(C39,出貨單!$E$5:$BV$29813,26,0)=0,"-",VLOOKUP(C39,出貨單!$E$5:$BV$29813,26,0))) | K39: =IF(C39="","",IF(VLOOKUP(C39,出貨單!$E$5:$BV$29813,27,0)=0,"-",VLOOKUP(C39,出貨單!$E$5:$BV$29813,27,0))) | O39: 4 | P39: 4 | R39: =IF(Q39="","",VLOOKUP(Q39,出貨單!$E$5:$BV$29813,12,0)) | S39: =IF(Q39="","",VLOOKUP(Q39,出貨單!$E$5:$BV$29813,15,0)) | W39: =IF(Q39="","",VLOOKUP(Q39,出貨單!$E$5:$BV$29813,23,0)) | X39: =IF(Q39="","",VLOOKUP(Q39,出貨單!$E$5:$BV$29813,26,0)) | Y39: =IF(Q39="","",VLOOKUP(Q39,出貨單!$E$5:$BV$29813,27,0))
A40: 5 | B40: 5 | D40: =IF(C40="","",VLOOKUP(C40,出貨單!$E$5:$BV$29813,12,0)) | E40: =IF(C40="","",VLOOKUP(C40,出貨單!$E$5:$BV$29813,15,0)) | H40: =IF(C40="","",VLOOKUP(C40,出貨單!$E$5:$BV$29813,31,0)) | I40: =IF(C40="","",VLOOKUP(C40,出貨單!$E$5:$BV$29813,23,0)) | J40: =IF(C40="","",IF(VLOOKUP(C40,出貨單!$E$5:$BV$29813,26,0)=0,"-",VLOOKUP(C40,出貨單!$E$5:$BV$29813,26,0))) | K40: =IF(C40="","",IF(VLOOKUP(C40,出貨單!$E$5:$BV$29813,27,0)=0,"-",VLOOKUP(C40,出貨單!$E$5:$BV$29813,27,0))) | O40: 5 | P40: 5 | R40: =IF(Q40="","",VLOOKUP(Q40,出貨單!$E$5:$BV$29813,12,0)) | S40: =IF(Q40="","",VLOOKUP(Q40,出貨單!$E$5:$BV$29813,15,0)) | W40: =IF(Q40="","",VLOOKUP(Q40,出貨單!$E$5:$BV$29813,23,0)) | X40: =IF(Q40="","",VLOOKUP(Q40,出貨單!$E$5:$BV$29813,26,0)) | Y40: =IF(Q40="","",VLOOKUP(Q40,出貨單!$E$5:$BV$29813,27,0))
A41: 6 | B41: 6 | D41: =IF(C41="","",VLOOKUP(C41,出貨單!$E$5:$BV$29813,12,0)) | E41: =IF(C41="","",VLOOKUP(C41,出貨單!$E$5:$BV$29813,15,0)) | H41: =IF(C41="","",VLOOKUP(C41,出貨單!$E$5:$BV$29813,31,0)) | I41: =IF(C41="","",VLOOKUP(C41,出貨單!$E$5:$BV$29813,23,0)) | J41: =IF(C41="","",IF(VLOOKUP(C41,出貨單!$E$5:$BV$29813,26,0)=0,"-",VLOOKUP(C41,出貨單!$E$5:$BV$29813,26,0))) | K41: =IF(C41="","",IF(VLOOKUP(C41,出貨單!$E$5:$BV$29813,27,0)=0,"-",VLOOKUP(C41,出貨單!$E$5:$BV$29813,27,0))) | O41: 6 | P41: 6 | R41: =IF(Q41="","",VLOOKUP(Q41,出貨單!$E$5:$BV$29813,12,0)) | S41: =IF(Q41="","",VLOOKUP(Q41,出貨單!$E$5:$BV$29813,15,0)) | W41: =IF(Q41="","",VLOOKUP(Q41,出貨單!$E$5:$BV$29813,23,0)) | X41: =IF(Q41="","",VLOOKUP(Q41,出貨單!$E$5:$BV$29813,26,0)) | Y41: =IF(Q41="","",VLOOKUP(Q41,出貨單!$E$5:$BV$29813,27,0))
A42: 7 | B42: 7 | D42: =IF(C42="","",VLOOKUP(C42,出貨單!$E$5:$BV$29813,12,0)) | E42: =IF(C42="","",VLOOKUP(C42,出貨單!$E$5:$BV$29813,15,0)) | H42: =IF(C42="","",VLOOKUP(C42,出貨單!$E$5:$BV$29813,31,0)) | I42: =IF(C42="","",VLOOKUP(C42,出貨單!$E$5:$BV$29813,23,0)) | J42: =IF(C42="","",IF(VLOOKUP(C42,出貨單!$E$5:$BV$29813,26,0)=0,"-",VLOOKUP(C42,出貨單!$E$5:$BV$29813,26,0))) | K42: =IF(C42="","",IF(VLOOKUP(C42,出貨單!$E$5:$BV$29813,27,0)=0,"-",VLOOKUP(C42,出貨單!$E$5:$BV$29813,27,0))) | O42: 7 | P42: 7 | R42: =IF(Q42="","",VLOOKUP(Q42,出貨單!$E$5:$BV$29813,12,0)) | S42: =IF(Q42="","",VLOOKUP(Q42,出貨單!$E$5:$BV$29813,15,0)) | W42: =IF(Q42="","",VLOOKUP(Q42,出貨單!$E$5:$BV$29813,23,0)) | X42: =IF(Q42="","",VLOOKUP(Q42,出貨單!$E$5:$BV$29813,26,0)) | Y42: =IF(Q42="","",VLOOKUP(Q42,出貨單!$E$5:$BV$29813,27,0))
A43: 8 | B43: 8 | D43: =IF(C43="","",VLOOKUP(C43,出貨單!$E$5:$BV$29813,12,0)) | E43: =IF(C43="","",VLOOKUP(C43,出貨單!$E$5:$BV$29813,15,0)) | H43: =IF(C43="","",VLOOKUP(C43,出貨單!$E$5:$BV$29813,31,0)) | I43: =IF(C43="","",VLOOKUP(C43,出貨單!$E$5:$BV$29813,23,0)) | J43: =IF(C43="","",IF(VLOOKUP(C43,出貨單!$E$5:$BV$29813,26,0)=0,"-",VLOOKUP(C43,出貨單!$E$5:$BV$29813,26,0))) | K43: =IF(C43="","",IF(VLOOKUP(C43,出貨單!$E$5:$BV$29813,27,0)=0,"-",VLOOKUP(C43,出貨單!$E$5:$BV$29813,27,0))) | O43: 8 | P43: 8 | R43: =IF(Q43="","",VLOOKUP(Q43,出貨單!$E$5:$BV$29813,12,0)) | S43: =IF(Q43="","",VLOOKUP(Q43,出貨單!$E$5:$BV$29813,15,0)) | W43: =IF(Q43="","",VLOOKUP(Q43,出貨單!$E$5:$BV$29813,23,0)) | X43: =IF(Q43="","",VLOOKUP(Q43,出貨單!$E$5:$BV$29813,26,0)) | Y43: =IF(Q43="","",VLOOKUP(Q43,出貨單!$E$5:$BV$29813,27,0))
A44: 9 | B44: 9 | D44: =IF(C44="","",VLOOKUP(C44,出貨單!$E$5:$BV$29813,12,0)) | E44: =IF(C44="","",VLOOKUP(C44,出貨單!$E$5:$BV$29813,15,0)) | H44: =IF(C44="","",VLOOKUP(C44,出貨單!$E$5:$BV$29813,31,0)) | I44: =IF(C44="","",VLOOKUP(C44,出貨單!$E$5:$BV$29813,23,0)) | J44: =IF(C44="","",IF(VLOOKUP(C44,出貨單!$E$5:$BV$29813,26,0)=0,"-",VLOOKUP(C44,出貨單!$E$5:$BV$29813,26,0))) | K44: =IF(C44="","",IF(VLOOKUP(C44,出貨單!$E$5:$BV$29813,27,0)=0,"-",VLOOKUP(C44,出貨單!$E$5:$BV$29813,27,0))) | O44: 9 | P44: 9 | R44: =IF(Q44="","",VLOOKUP(Q44,出貨單!$E$5:$BV$29813,12,0)) | S44: =IF(Q44="","",VLOOKUP(Q44,出貨單!$E$5:$BV$29813,15,0)) | W44: =IF(Q44="","",VLOOKUP(Q44,出貨單!$E$5:$BV$29813,23,0)) | X44: =IF(Q44="","",VLOOKUP(Q44,出貨單!$E$5:$BV$29813,26,0)) | Y44: =IF(Q44="","",VLOOKUP(Q44,出貨單!$E$5:$BV$29813,27,0))
A45: 10 | B45: 10 | D45: =IF(C45="","",VLOOKUP(C45,出貨單!$E$5:$BV$29813,12,0)) | E45: =IF(C45="","",VLOOKUP(C45,出貨單!$E$5:$BV$29813,15,0)) | H45: =IF(C45="","",VLOOKUP(C45,出貨單!$E$5:$BV$29813,31,0)) | I45: =IF(C45="","",VLOOKUP(C45,出貨單!$E$5:$BV$29813,23,0)) | J45: =IF(C45="","",IF(VLOOKUP(C45,出貨單!$E$5:$BV$29813,26,0)=0,"-",VLOOKUP(C45,出貨單!$E$5:$BV$29813,26,0))) | K45: =IF(C45="","",IF(VLOOKUP(C45,出貨單!$E$5:$BV$29813,27,0)=0,"-",VLOOKUP(C45,出貨單!$E$5:$BV$29813,27,0))) | P45: 10 | R45: =IF(Q45="","",VLOOKUP(Q45,出貨單!$E$5:$BV$29813,12,0)) | S45: =IF(Q45="","",VLOOKUP(Q45,出貨單!$E$5:$BV$29813,15,0)) | W45: =IF(Q45="","",VLOOKUP(Q45,出貨單!$E$5:$BV$29813,23,0)) | X45: =IF(Q45="","",VLOOKUP(Q45,出貨單!$E$5:$BV$29813,26,0)) | Y45: =IF(Q45="","",VLOOKUP(Q45,出貨單!$E$5:$BV$29813,27,0))
B46: 小計金額 | K46: =SUM(K36:K45) | P46: 小計金額
B47: 客戶簽名： | E47: 老闆簽核： | G47: 稅額: | H47: =IF(OR(I47="含稅",I47="未稅"),0,IF(OR(I47="稅外"),K46*0.05,"")) | I47: =IF(C36="","",VLOOKUP(C36,出貨單!$E$5:$BV$29813,34,0)) | J47: 總計: | K47: =IF(OR(K46>0.1),K46+H47,IF(OR(K46=0),K46,"")) | P47: 客戶簽名： | S47: 老闆簽核： | U47: 稅額: | V47: =IF(OR(W47="含稅",W47="未稅"),0,IF(OR(W47="稅外"),Y46*0.05,"")) | X47: 總計:
C49: 1.本公司無到府牽車來回或試車來回服務，由客戶自行送修來本廠區及自行取回車輛，客戶拜託本廠內工作人員去牽車來回或試車來回時，發生意外全部損失費用由車主自行負責。車輛進 | Q49: 1.本公司無到府牽車來回或試車來回服務，由客戶自行送修來本廠區及自行取回車輛，客戶拜託本廠內工作人員去牽車來回
B50: 備 | C50: 本廠區維修時，車上之重要物品請客戶自行保管，有損毀遺失時車主自行負責。客戶交修車輛需自行保險，發生天災地變或其他不可抗力之災損，本公司不負賠償責任。車主不得異議。 | Q50: 或試車來回時，發生意外全部損失費用由車主自行負責。車輛進本廠區維修時，車上之重要物品請客戶自行保管，有損毀遺
B51: 註 | C51: 2.以上貨品貨款尚未付清時，產品所有權仍為本公司所有本公司可無條件收回銷售產品，寄放新輪胎新鋼圈或中古輪胎中古鋼圈，期限最長3個月超過期限，不領取以廢輪胎方式丟棄， | P51: 備 | Q51: 失時車主自行負責。客戶交修車輛需自行保險，發生天災地變或其他不可抗力之災損本公司不負賠償責任。車主不得異議。
C52: 車輛換下之廢輪胎若需保留者請自行當下載回，不載回者視同丟棄。領取新輪胎新鋼圈或中古輪胎中古鋼圈時必須以簽單為憑證，無簽單者視同丟棄不得異議。存根(白)請款(黃)客戶(藍) | P52: 註 | Q52: 2.以上貨品貨款尚未付清時，產品所有權仍為本公司所有本公司可無條件收回銷售產品，寄放新輪胎新鋼圈或中古輪胎中古
Q53: 鋼圈，期限最長3個月超過期限，不領取以廢輪胎方式丟棄，車輛換下之廢輪胎若需保留者請自行當下載回，不載回者視同
Q54: 丟棄。領取新輪胎新鋼圈或中古輪胎中古鋼圈時必須以簽單為憑證，無簽單者視同丟棄不得異議。存根(白)請款(黃)客戶(藍)
AB55: 列印範圍選至此欄下方(請用庫存表規格列印)
S57: 原始備用檔 | AR57: 列印範圍選至此欄下方(請用庫存表規格列印)
BD59: 核對人員
P61: 出貨單.合約書.收據 | Y61: 中華全佑有限公司.中華全威有限公司.全威企業社.電話:037-463990 | AB61: 出貨單.合約書.收據 | AL61: 中華全佑有限公司.中華全威有限公司.全威企業社.電話:037-463990 | AR61: 新胎寄賣輪胎明細表 出貨單.合約書.收據 | BD61: 中華全佑有限公司.中華全威有限公司.全威企業社. 電話:037-463990
AB62: 出貨單號: | AD62: =AO68
P63: 客戶名稱: | R63: =IF(Q68="","",VLOOKUP(Q68,出貨單!$E$5:$BV$20000,56,0)) | T63: 車頭公里數 : | U63: =IF(Q68="","",VLOOKUP(Q68,出貨單!$E$5:$BV$20000,8,0)) | W63: 出貨日期: | X63: =NOW() | AB63: 客戶名稱: | AD63: =IF(AO68="","",VLOOKUP(AO68,出貨單!$E$5:$BV$20000,56,0)) | AF63: (胎號明細表) | AI63: 出貨日期: | AJ63: =NOW() | AR63: 客戶名稱: | AT63: =IF(BF68="","",VLOOKUP(BF68,出貨單!$E$5:$BV$20000,56,0)) | AW63: 出貨單號: | AX63: =BF68 | BB63: 出貨日期: | BC63: =NOW()
P64: 車牌號碼 : | R64: =IF(Q68="","",VLOOKUP(Q68,出貨單!$E$5:$BV$20000,2,0)) | T64: 工作人員: | U64: =IF(Q68="","",VLOOKUP(Q68,出貨單!$E$5:$BV$29813,46,0)) | W64: 車頭位置: | X64: =IF(Q68="","",VLOOKUP(Q68,出貨單!$E$5:$BV$20000,40,0)) | AB64: 車牌號碼 : | AD64: =IF(#REF!="","",VLOOKUP(#REF!,出貨單!$E$5:$BV$20000,2,0)) | AF64: 工作人員: | AG64: =IF(#REF!="","",VLOOKUP(#REF!,出貨單!$E$5:$BV$29813,46,0)) | AI64: 車頭位置: | AJ64: =IF(#REF!="","",VLOOKUP(#REF!,出貨單!$E$5:$BV$20000,40,0))
P65: 工作時間 : | R65: =IF(Q68="","",VLOOKUP(Q68,出貨單!$E$5:$BV$20000,9,0)) | T65: 工作地點: | U65: =IF(Q68="","",VLOOKUP(Q68,出貨單!$E$5:$BV$20000,29,0)) | W65: 板架位置: | X65: =IF(Q68="","",VLOOKUP(Q68,出貨單!$E$5:$BV$20000,42,0)) | AB65: 工作時間 : | AD65: =IF(#REF!="","",VLOOKUP(#REF!,出貨單!$E$5:$BV$20000,9,0)) | AF65: 工作地點: | AG65: =IF(#REF!="","",VLOOKUP(#REF!,出貨單!$E$5:$BV$20000,29,0)) | AI65: 板架位置: | AJ65: =IF(#REF!="","",VLOOKUP(#REF!,出貨單!$E$5:$BV$20000,42,0))
P66: 工時工資 : | R66: =IF(Q68="","",VLOOKUP(Q68,出貨單!$E$5:$BV$20000,10,0)) | T66: 業務人員: | U66: =IF(Q68="","",VLOOKUP(Q68,出貨單!$E$5:$BV$20000,32,0)) | W66: 轎.貨車位置: | X66: =IF(Q68="","",VLOOKUP(Q68,出貨單!$E$5:$BV$20000,44,0)) | AB66: 工時工資 : | AD66: =IF(#REF!="","",VLOOKUP(#REF!,出貨單!$E$5:$BV$20000,10,0)) | AF66: 業務人員: | AG66: =IF(#REF!="","",VLOOKUP(#REF!,出貨單!$E$5:$BV$20000,32,0)) | AI66: 轎.貨車位置: | AJ66: =IF(#REF!="","",VLOOKUP(#REF!,出貨單!$E$5:$BV$20000,44,0))
P67: 序 | Q67: 出貨單號 | R67: 維修內容 | S67: 廠牌. 規格. 花紋 | U67: 裝上胎號 | V67: 拆下胎號 | W67: 數量 | X67: 單價 | Y67: 小計 | AB67: 序 | AC67: 廠牌. 規格. 花紋 | AE67: 胎號 | AH67: 序 | AI67: 廠牌. 規格. 花紋 | AK67: 胎號 | AO67: 單號參數1-25 | AP67: 單號參數26-50 | BF67: 單號參數
P68: 1 | Q68: 1081101014 | R68: =IF(Q68="","",VLOOKUP(Q68,出貨單!$E$5:$BV$29813,12,0)) | S68: =IF(Q68="","",VLOOKUP(Q68,出貨單!$E$5:$BV$29813,15,0)) | W68: =IF(Q68="","",VLOOKUP(Q68,出貨單!$E$5:$BV$29813,23,0)) | X68: =IF(Q68="","",VLOOKUP(Q68,出貨單!$E$5:$BV$29813,26,0)) | Y68: =IF(Q68="","",VLOOKUP(Q68,出貨單!$E$5:$BV$29813,27,0)) | AB68: 1 | AC68: =IF(AO68="","",VLOOKUP(AO68,出貨單!$E$5:$BV$29813,15,0)) | AF68: BS 0843 | AH68: 26 | AI68: =IF(AP68="","",VLOOKUP(AP68,出貨單!$E$5:$BV$29813,15,0)) | AO68: 1100331004 | AR68: 序 | AS68: 廠牌. 規格. 花紋 | AV68: 胎號 | AW68: 核對人員 | AX68: 入庫單號 | AY68: 數量 | AZ68: 入庫日期 | BA68: 出庫日期 | BB68: 出貨廠商 | BC68: 請款日期 | BD68: 核對人員 | BF68: 1100326010*1
P69: 2 | R69: =IF(Q69="","",VLOOKUP(Q69,出貨單!$E$5:$BV$29813,12,0)) | S69: =IF(Q69="","",VLOOKUP(Q69,出貨單!$E$5:$BV$29813,15,0)) | W69: =IF(Q69="","",VLOOKUP(Q69,出貨單!$E$5:$BV$29813,23,0)) | X69: =IF(Q69="","",VLOOKUP(Q69,出貨單!$E$5:$BV$29813,26,0)) | Y69: =IF(Q69="","",VLOOKUP(Q69,出貨單!$E$5:$BV$29813,27,0)) | AB69: 2 | AC69: =IF(AO69="","",VLOOKUP(AO69,出貨單!$E$5:$BV$29813,15,0)) | AF69: M 0042 | AH69: 27 | AI69: =IF(AP69="","",VLOOKUP(AP69,出貨單!$E$5:$BV$29813,15,0)) | AO69: 1100331004 | AR69: 1 | AS69: =IF(BF68="","",VLOOKUP(BF68,出貨單!$E$5:$BV$29813,15,0)) | AV69: =IF(BF68="","",VLOOKUP(BF68,出貨單!$E$5:$BV$29813,47,0)) | AW69: 筠 | AX69: =IF(BF68="","",VLOOKUP(BF68,出貨單!$E$5:$BV$29813,18,0)) | AY69: 1 | AZ69: =IF(BF68="","",VLOOKUP(BF68,出貨單!$E$5:$BV$29813,48,0)) | BF69: 1100326010*2
P70: 3 | R70: =IF(Q70="","",VLOOKUP(Q70,出貨單!$E$5:$BV$29813,12,0)) | S70: =IF(Q70="","",VLOOKUP(Q70,出貨單!$E$5:$BV$29813,15,0)) | W70: =IF(Q70="","",VLOOKUP(Q70,出貨單!$E$5:$BV$29813,23,0)) | X70: =IF(Q70="","",VLOOKUP(Q70,出貨單!$E$5:$BV$29813,26,0)) | Y70: =IF(Q70="","",VLOOKUP(Q70,出貨單!$E$5:$BV$29813,27,0)) | AB70: 3 | AC70: =IF(AO70="","",VLOOKUP(AO70,出貨單!$E$5:$BV$29813,15,0)) | AF70: M 0135 | AH70: 28 | AI70: =IF(AP70="","",VLOOKUP(AP70,出貨單!$E$5:$BV$29813,15,0)) | AO70: 1100331004 | AR70: 2 | AS70: =IF(BF69="","",VLOOKUP(BF69,出貨單!$E$5:$BV$29813,15,0)) | AV70: =IF(BF69="","",VLOOKUP(BF69,出貨單!$E$5:$BV$29813,47,0)) | AW70: 筠 | AX70: =IF(BF69="","",VLOOKUP(BF69,出貨單!$E$5:$BV$29813,18,0)) | AY70: 1 | AZ70: =IF(BF69="","",VLOOKUP(BF69,出貨單!$E$5:$BV$29813,48,0))
P71: 4 | R71: =IF(Q71="","",VLOOKUP(Q71,出貨單!$E$5:$BV$29813,12,0)) | S71: =IF(Q71="","",VLOOKUP(Q71,出貨單!$E$5:$BV$29813,15,0)) | W71: =IF(Q71="","",VLOOKUP(Q71,出貨單!$E$5:$BV$29813,23,0)) | X71: =IF(Q71="","",VLOOKUP(Q71,出貨單!$E$5:$BV$29813,26,0)) | Y71: =IF(Q71="","",VLOOKUP(Q71,出貨單!$E$5:$BV$29813,27,0)) | AB71: 4 | AC71: =IF(AO71="","",VLOOKUP(AO71,出貨單!$E$5:$BV$29813,15,0)) | AF71: M 2881 | AH71: 29 | AI71: =IF(AP71="","",VLOOKUP(AP71,出貨單!$E$5:$BV$29813,15,0)) | AO71: 1100331004 | AR71: 3 | AS71: =IF(BF70="","",VLOOKUP(BF70,出貨單!$E$5:$BV$29813,15,0)) | AV71: =IF(BF70="","",VLOOKUP(BF70,出貨單!$E$5:$BV$29813,47,0)) | AX71: =IF(BF70="","",VLOOKUP(BF70,出貨單!$E$5:$BV$29813,18,0)) | AZ71: =IF(BF70="","",VLOOKUP(BF70,出貨單!$E$5:$BV$29813,48,0))
P72: 5 | R72: =IF(Q72="","",VLOOKUP(Q72,出貨單!$E$5:$BV$29813,12,0)) | S72: =IF(Q72="","",VLOOKUP(Q72,出貨單!$E$5:$BV$29813,15,0)) | W72: =IF(Q72="","",VLOOKUP(Q72,出貨單!$E$5:$BV$29813,23,0)) | X72: =IF(Q72="","",VLOOKUP(Q72,出貨單!$E$5:$BV$29813,26,0)) | Y72: =IF(Q72="","",VLOOKUP(Q72,出貨單!$E$5:$BV$29813,27,0)) | AB72: 5 | AC72: =IF(AO72="","",VLOOKUP(AO72,出貨單!$E$5:$BV$29813,15,0)) | AF72: M 3590 | AH72: 30 | AI72: =IF(AP72="","",VLOOKUP(AP72,出貨單!$E$5:$BV$29813,15,0)) | AO72: 1100331004 | AR72: 4 | AS72: =IF(BF71="","",VLOOKUP(BF71,出貨單!$E$5:$BV$29813,15,0)) | AV72: =IF(BF71="","",VLOOKUP(BF71,出貨單!$E$5:$BV$29813,47,0)) | AX72: =IF(BF71="","",VLOOKUP(BF71,出貨單!$E$5:$BV$29813,18,0)) | AZ72: =IF(BF71="","",VLOOKUP(BF71,出貨單!$E$5:$BV$29813,48,0))
P73: 6 | R73: =IF(Q73="","",VLOOKUP(Q73,出貨單!$E$5:$BV$29813,12,0)) | S73: =IF(Q73="","",VLOOKUP(Q73,出貨單!$E$5:$BV$29813,15,0)) | W73: =IF(Q73="","",VLOOKUP(Q73,出貨單!$E$5:$BV$29813,23,0)) | X73: =IF(Q73="","",VLOOKUP(Q73,出貨單!$E$5:$BV$29813,26,0)) | Y73: =IF(Q73="","",VLOOKUP(Q73,出貨單!$E$5:$BV$29813,27,0)) | AB73: 6 | AC73: =IF(AO73="","",VLOOKUP(AO73,出貨單!$E$5:$BV$29813,15,0)) | AF73: M 5315 | AH73: 31 | AI73: =IF(AP73="","",VLOOKUP(AP73,出貨單!$E$5:$BV$29813,15,0)) | AO73: 1100331004 | AR73: 5 | AS73: =IF(BF72="","",VLOOKUP(BF72,出貨單!$E$5:$BV$29813,15,0)) | AV73: =IF(BF72="","",VLOOKUP(BF72,出貨單!$E$5:$BV$29813,47,0)) | AX73: =IF(BF72="","",VLOOKUP(BF72,出貨單!$E$5:$BV$29813,18,0)) | AZ73: =IF(BF72="","",VLOOKUP(BF72,出貨單!$E$5:$BV$29813,48,0))
P74: 7 | R74: =IF(Q74="","",VLOOKUP(Q74,出貨單!$E$5:$BV$29813,12,0)) | S74: =IF(Q74="","",VLOOKUP(Q74,出貨單!$E$5:$BV$29813,15,0)) | W74: =IF(Q74="","",VLOOKUP(Q74,出貨單!$E$5:$BV$29813,23,0)) | X74: =IF(Q74="","",VLOOKUP(Q74,出貨單!$E$5:$BV$29813,26,0)) | Y74: =IF(Q74="","",VLOOKUP(Q74,出貨單!$E$5:$BV$29813,27,0)) | AB74: 7 | AC74: =IF(AO74="","",VLOOKUP(AO74,出貨單!$E$5:$BV$29813,15,0)) | AF74: M 7733 | AH74: 32 | AI74: =IF(AP74="","",VLOOKUP(AP74,出貨單!$E$5:$BV$29813,15,0)) | AO74: 1100331004 | AR74: 6 | AS74: =IF(BF73="","",VLOOKUP(BF73,出貨單!$E$5:$BV$29813,15,0)) | AV74: =IF(BF73="","",VLOOKUP(BF73,出貨單!$E$5:$BV$29813,47,0)) | AX74: =IF(BF73="","",VLOOKUP(BF73,出貨單!$E$5:$BV$29813,18,0)) | AZ74: =IF(BF73="","",VLOOKUP(BF73,出貨單!$E$5:$BV$29813,48,0))
P75: 8 | R75: =IF(Q75="","",VLOOKUP(Q75,出貨單!$E$5:$BV$29813,12,0)) | S75: =IF(Q75="","",VLOOKUP(Q75,出貨單!$E$5:$BV$29813,15,0)) | W75: =IF(Q75="","",VLOOKUP(Q75,出貨單!$E$5:$BV$29813,23,0)) | X75: =IF(Q75="","",VLOOKUP(Q75,出貨單!$E$5:$BV$29813,26,0)) | Y75: =IF(Q75="","",VLOOKUP(Q75,出貨單!$E$5:$BV$29813,27,0)) | AB75: 8 | AC75: =IF(AO75="","",VLOOKUP(AO75,出貨單!$E$5:$BV$29813,15,0)) | AF75: M 0060 | AH75: 33 | AI75: =IF(AP75="","",VLOOKUP(AP75,出貨單!$E$5:$BV$29813,15,0)) | AO75: 1100331004 | AR75: 7 | AS75: =IF(BF74="","",VLOOKUP(BF74,出貨單!$E$5:$BV$29813,15,0)) | AV75: =IF(BF74="","",VLOOKUP(BF74,出貨單!$E$5:$BV$29813,47,0)) | AX75: =IF(BF74="","",VLOOKUP(BF74,出貨單!$E$5:$BV$29813,18,0)) | AZ75: =IF(BF74="","",VLOOKUP(BF74,出貨單!$E$5:$BV$29813,48,0))
P76: 9 | R76: =IF(Q76="","",VLOOKUP(Q76,出貨單!$E$5:$BV$29813,12,0)) | S76: =IF(Q76="","",VLOOKUP(Q76,出貨單!$E$5:$BV$29813,15,0)) | W76: =IF(Q76="","",VLOOKUP(Q76,出貨單!$E$5:$BV$29813,23,0)) | X76: =IF(Q76="","",VLOOKUP(Q76,出貨單!$E$5:$BV$29813,26,0)) | Y76: =IF(Q76="","",VLOOKUP(Q76,出貨單!$E$5:$BV$29813,27,0)) | AB76: 9 | AC76: =IF(AO76="","",VLOOKUP(AO76,出貨單!$E$5:$BV$29813,15,0)) | AF76: M 5027 | AH76: 34 | AI76: =IF(AP76="","",VLOOKUP(AP76,出貨單!$E$5:$BV$29813,15,0)) | AO76: 1100331004 | AR76: 8 | AS76: =IF(BF75="","",VLOOKUP(BF75,出貨單!$E$5:$BV$29813,15,0)) | AV76: =IF(BF75="","",VLOOKUP(BF75,出貨單!$E$5:$BV$29813,47,0)) | AX76: =IF(BF75="","",VLOOKUP(BF75,出貨單!$E$5:$BV$29813,18,0)) | AZ76: =IF(BF75="","",VLOOKUP(BF75,出貨單!$E$5:$BV$29813,48,0))
P77: 10 | R77: =IF(Q77="","",VLOOKUP(Q77,出貨單!$E$5:$BV$29813,12,0)) | S77: =IF(Q77="","",VLOOKUP(Q77,出貨單!$E$5:$BV$29813,15,0)) | W77: =IF(Q77="","",VLOOKUP(Q77,出貨單!$E$5:$BV$29813,23,0)) | X77: =IF(Q77="","",VLOOKUP(Q77,出貨單!$E$5:$BV$29813,26,0)) | Y77: =IF(Q77="","",VLOOKUP(Q77,出貨單!$E$5:$BV$29813,27,0)) | AB77: 10 | AC77: =IF(AO77="","",VLOOKUP(AO77,出貨單!$E$5:$BV$29813,15,0)) | AF77: M 3633 | AH77: 35 | AI77: =IF(AP77="","",VLOOKUP(AP77,出貨單!$E$5:$BV$29813,15,0)) | AO77: 1100331004 | AR77: 9 | AS77: =IF(BF76="","",VLOOKUP(BF76,出貨單!$E$5:$BV$29813,15,0)) | AV77: =IF(BF76="","",VLOOKUP(BF76,出貨單!$E$5:$BV$29813,47,0)) | AX77: =IF(BF76="","",VLOOKUP(BF76,出貨單!$E$5:$BV$29813,18,0)) | AZ77: =IF(BF76="","",VLOOKUP(BF76,出貨單!$E$5:$BV$29813,48,0))
P78: 小計金額 | Y78: =SUM(Y68:Y77) | AB78: 11 | AC78: =IF(AO78="","",VLOOKUP(AO78,出貨單!$E$5:$BV$29813,15,0)) | AF78: M 2934 | AH78: 36 | AI78: =IF(AP78="","",VLOOKUP(AP78,出貨單!$E$5:$BV$29813,15,0)) | AO78: 1100331004 | AR78: 10 | AS78: =IF(BF77="","",VLOOKUP(BF77,出貨單!$E$5:$BV$29813,15,0)) | AV78: =IF(BF77="","",VLOOKUP(BF77,出貨單!$E$5:$BV$29813,47,0)) | AX78: =IF(BF77="","",VLOOKUP(BF77,出貨單!$E$5:$BV$29813,18,0)) | AZ78: =IF(BF77="","",VLOOKUP(BF77,出貨單!$E$5:$BV$29813,48,0))
P79: 客戶簽名： | S79: 老闆簽核： | U79: 稅額: | V79: =IF(OR(W79="含稅",W79="未稅"),0,IF(OR(W79="稅外"),Y78*0.05,"")) | W79: =IF(Q68="","",VLOOKUP(Q68,出貨單!$E$5:$BV$29813,34,0)) | X79: 總計: | Y79: =IF(OR(Y78>0.1),Y78+V79,IF(OR(Y78=0),Y78,"")) | AB79: 12 | AC79: =IF(AO79="","",VLOOKUP(AO79,出貨單!$E$5:$BV$29813,15,0)) | AF79: M 3394 | AH79: 37 | AI79: =IF(AP79="","",VLOOKUP(AP79,出貨單!$E$5:$BV$29813,15,0)) | AO79: 1100331004 | AR79: 客戶簽名： | AW79: 老闆簽核： | BC79: 總數量 : | BD79: =SUM(AY69:AY78)
AB80: 13 | AC80: =IF(AO80="","",VLOOKUP(AO80,出貨單!$E$5:$BV$29813,15,0)) | AF80: M 0268 | AH80: 38 | AI80: =IF(AP80="","",VLOOKUP(AP80,出貨單!$E$5:$BV$29813,15,0)) | AO80: 1100331004
Q81: 1.本公司無到府牽車來回或試車來回服務，由客戶自行送修來本廠區及自行取回車輛，客戶拜託本廠內工作人員去牽車來回 | AB81: 14 | AC81: =IF(AO81="","",VLOOKUP(AO81,出貨單!$E$5:$BV$29813,15,0)) | AF81: M 1959 | AH81: 39 | AI81: =IF(AP81="","",VLOOKUP(AP81,出貨單!$E$5:$BV$29813,15,0)) | AO81: 1100331004 | AS81: 1.本公司無到府牽車來回或試車來回服務，由客戶自行送修來本廠區及自行取回車輛，客戶拜託本廠內工作人員去牽車來回或試車來回時，發生意外全部損失費用由車主自行負責。車輛進
Q82: 或試車來回時，發生意外全部損失費用由車主自行負責。車輛進本廠區維修時，車上之重要物品請客戶自行保管，有損毀遺 | AB82: 15 | AC82: =IF(AO82="","",VLOOKUP(AO82,出貨單!$E$5:$BV$29813,15,0)) | AF82: M 6316 | AH82: 40 | AI82: =IF(AP82="","",VLOOKUP(AP82,出貨單!$E$5:$BV$29813,15,0)) | AO82: 1100331004 | AR82: 備 | AS82: 本廠區維修時，車上之重要物品請客戶自行保管，有損毀遺失時車主自行負責。客戶交修車輛需自行保險，發生天災地變或其他不可抗力之災損，本公司不負賠償責任。車主不得異議。
P83: 備 | Q83: 失時車主自行負責。客戶交修車輛需自行保險，發生天災地變或其他不可抗力之災損本公司不負賠償責任。車主不得異議。 | AB83: 16 | AC83: =IF(AO83="","",VLOOKUP(AO83,出貨單!$E$5:$BV$29813,15,0)) | AH83: 41 | AI83: =IF(AP83="","",VLOOKUP(AP83,出貨單!$E$5:$BV$29813,15,0)) | AR83: 註 | AS83: 2.以上貨品貨款尚未付清時，產品所有權仍為本公司所有本公司可無條件收回銷售產品，寄放新輪胎新鋼圈或中古輪胎中古鋼圈，期限最長3個月超過期限，不領取以廢輪胎方式丟棄，
P84: 註 | Q84: 2.以上貨品貨款尚未付清時，產品所有權仍為本公司所有本公司可無條件收回銷售產品，寄放新輪胎新鋼圈或中古輪胎中古 | AB84: 17 | AC84: =IF(AO84="","",VLOOKUP(AO84,出貨單!$E$5:$BV$29813,15,0)) | AH84: 42 | AI84: =IF(AP84="","",VLOOKUP(AP84,出貨單!$E$5:$BV$29813,15,0)) | AS84: 車輛換下之廢輪胎若需保留者請自行當下載回，不載回者視同丟棄。領取新輪胎新鋼圈或中古輪胎中古鋼圈時必須以簽單為憑證，無簽單者視同丟棄不得異議。存根(白)請款(黃)客戶(藍)
Q85: 鋼圈，期限最長3個月超過期限，不領取以廢輪胎方式丟棄，車輛換下之廢輪胎若需保留者請自行當下載回，不載回者視同 | AB85: 18 | AC85: =IF(AO85="","",VLOOKUP(AO85,出貨單!$E$5:$BV$29813,15,0)) | AH85: 43 | AI85: =IF(AP85="","",VLOOKUP(AP85,出貨單!$E$5:$BV$29813,15,0)) | BD85: 列印範圍拉至此欄上方
Q86: 丟棄。領取新輪胎新鋼圈或中古輪胎中古鋼圈時必須以簽單為憑證，無簽單者視同丟棄不得異議。存根(白)請款(黃)客戶(藍) | AB86: 19 | AC86: =IF(AO86="","",VLOOKUP(AO86,出貨單!$E$5:$BV$29813,15,0)) | AH86: 44 | AI86: =IF(AP86="","",VLOOKUP(AP86,出貨單!$E$5:$BV$29813,15,0))
AB87: 20 | AC87: =IF(AO87="","",VLOOKUP(AO87,出貨單!$E$5:$BV$29813,15,0)) | AH87: 45 | AI87: =IF(AP87="","",VLOOKUP(AP87,出貨單!$E$5:$BV$29813,15,0))
AB88: 21 | AC88: =IF(AO88="","",VLOOKUP(AO88,出貨單!$E$5:$BV$29813,15,0)) | AH88: 46 | AI88: =IF(AP88="","",VLOOKUP(AP88,出貨單!$E$5:$BV$29813,15,0))
AB89: 22 | AC89: =IF(AO89="","",VLOOKUP(AO89,出貨單!$E$5:$BV$29813,15,0)) | AH89: 47 | AI89: =IF(AP89="","",VLOOKUP(AP89,出貨單!$E$5:$BV$29813,15,0))
AB90: 23 | AC90: =IF(AO90="","",VLOOKUP(AO90,出貨單!$E$5:$BV$29813,15,0)) | AH90: 48 | AI90: =IF(AP90="","",VLOOKUP(AP90,出貨單!$E$5:$BV$29813,15,0))
AB91: 24 | AC91: =IF(AO91="","",VLOOKUP(AO91,出貨單!$E$5:$BV$29813,15,0)) | AH91: 49 | AI91: =IF(AP91="","",VLOOKUP(AP91,出貨單!$E$5:$BV$29813,15,0))
AB92: 25 | AC92: =IF(AO92="","",VLOOKUP(AO92,出貨單!$E$5:$BV$29813,15,0)) | AH92: 50 | AI92: =IF(AP92="","",VLOOKUP(AP92,出貨單!$E$5:$BV$29813,15,0))
AB93: 客戶簽名:
AM95: 列印範圍拉至此欄上方
B115: 1071130
AY1048: M 4003 M 6465 M 2879 M 0027 BS 2704 BS 3021 M 8411 M 4099 M 2663 BS 3348 M 1549 M 4011 M 4698 M 3079 BS 9270 BS 2122 M 2485 BS 4709 M 2281 M 9098
